[],"0 If the #GajaCycloneRelief Fund is not enough a ...
1 kajah storm: the missing 5 thousand beneficiaries house ...
2 Railway minister #PiyushGoyal: In solidarity w ...
3 Pls mudinja help panuge, pls retweet help panra ...
4 Wandering Newsletters - Government School Students
5 Shakthi news echo - government school students
6 Wright News echo - Government school students7 storm relief material in the village of Anankanadu
8 # Tanti TV # Arms Flip # Dispute # Mama ...
9 Idhuke life-ah verrithuta, c the Tamil po ...
10 town of Velankanni panchayat office in Nagoy District
11 Feel Dinakaran is on D Up !, But @arivalayam Wi ...
12 Donate today to help | http://idrf.com #IDRF ...
13 Rajini enna worldwide CM raa poraa ra bro ðŸ¤§ ðŸ¤˜ ...Millions meeting to give 14 petites meeting: ...
15 kazha damages: millions to give petition
16 #GajCyclone #Gajacyclonerelief #Delta @SPVelu ...
17 Ghazi Storm Relief Relief Funded by Central Government ...
18 months to build a bank with 6 months - Sarajadevi, ...
19th song expands.Mango tree, coconut, jack, tamarind
20 largest drama in the democratic country. apadiye n ...
21 What does Tiruvarur cancel the election? #T ...
22 https: //www.behindwoods.com/news-shots/tamil-...
23. @ TTVDhinakaran: After the Election Commissio ...
24 # IDontNeed1000Rs #Gajacyclone #Gaj #gajacyclo ...
25 #ThiruvarurByElection has been postponed due t ...
26 midterm election cancellation relief works
Who is lying ??? #gajacyclonerelief # location ...
28 # ThiruvarurByElection2019 cancellation by #ele ...
29 Exactly that's what has happened now. TN gover ...
                               ...
24570 #GajaCyclone has hit the coastal TN. The strom ...24571 Gajah Storm Not only the political storm in Tamil Nadu ...
24572 Kanchipuram: Kanchipuram and its surroundings
24573 #GajaCyclone Tiruthirapoondi Influence P ...
24574 #BREAKING Storm Impact Vision in the Biggest ...
24575 #India Minister K Palaniswami people with seve ...
24576 #KamalHaasan Thanks The #TamilnaduGovernment! ...24577 # kajabayal impact! - # Dindigul and its ...
24578 Storm Damage - Officers Appointment - Chief Minister ...
24579 Flood across the street of Mela Raja veethi near p ...
24580 Kodaikanal - Traffic on the road ...
24581 #GajaCyclone recovered from the impact of the storm ...
24582 Dear Tamilnadu government and District collect ...24583 Gajah Storm Not only the political storm in Tamil Nadu ...
24584 Gajah Storm Flood Relief Rescue works for Salem ...
24585 kajal storm flood relief rescue works
24586 Jio network maatum work aaguthu ..... #GajaCyc ...
24587 will be rained only when the storm will come ...24588 Gajah Storm Not only the political storm in Tamil Nadu ...
24589 #GajaCyclone damage of near Pudukkottai court ...
@@@@@@@@@@@@@@@@@@@@@@@@@@@@@@@@@@@@@@@@@@@@@@@@@@@@
24591 kaja storm in 9 districts
24592 #India Chief Minister K Palaniswami said. fami ...
24593 Gajah Storm Not only the political storm in Tamil Nadu ...All the private and ...
24595 #CycloneGaja #GacCyclone #TamilNadu #TNPoliti ...
24596 #CycloneGaja | The Southern Railway cancelled ...
24597 AIADMK ministers, MLAs on TV
BJP's state treasurer praised the 24598 ruling AIADMK
24599 # kajapayal impact! - # of the Pudukottai ...
Name: tweet, Length: 24600, dtype: object"
